{"cameraMode":{"drawMode":0,"name":"Shaded","section":"Shading Mode"},"sceneLighting":false,"audioPlay":false,"sceneViewState":{"m_AlwaysRefresh":false,"showFog":true,"showSkybox":false,"showFlares":true,"showImageEffects":true,"showParticleSystems":true,"showVisualEffectGraphs":true,"m_FxEnabled":true},"in2DMode":false,"pivot":{"x":0.4853413701057434,"y":-0.2964495122432709,"z":0.6058154106140137},"rotation":{"x":0.015474524348974228,"y":0.7708247303962708,"z":-0.6365910768508911,"w":0.01873409003019333},"size":0.9275618195533752,"orthographic":false}