{"cameraMode":{"drawMode":0,"name":"Shaded","section":"Shading Mode"},"sceneLighting":false,"audioPlay":false,"sceneViewState":{"m_AlwaysRefresh":false,"showFog":true,"showSkybox":false,"showFlares":true,"showImageEffects":true,"showParticleSystems":true,"showVisualEffectGraphs":true,"m_FxEnabled":true},"in2DMode":false,"pivot":{"x":-0.024440355598926545,"y":0.2913375496864319,"z":-0.05471450835466385},"rotation":{"x":-0.07145299762487412,"y":0.9210031032562256,"z":-0.20208115875720979,"w":-0.32538145780563357},"size":0.2975215017795563,"orthographic":false}