{"cameraMode":{"drawMode":0,"name":"Shaded","section":"Shading Mode"},"sceneLighting":false,"audioPlay":false,"sceneViewState":{"m_AlwaysRefresh":false,"showFog":true,"showSkybox":false,"showFlares":true,"showImageEffects":true,"showParticleSystems":true,"showVisualEffectGraphs":true,"m_FxEnabled":true},"in2DMode":false,"pivot":{"x":0.3449999988079071,"y":0.4699999988079071,"z":0.32899999618530276},"rotation":{"x":-0.14138413965702058,"y":0.6206233501434326,"z":-0.1150582805275917,"w":-0.7626275420188904},"size":0.5485435128211975,"orthographic":false}