{"cameraMode":{"drawMode":0,"name":"Shaded","section":"Shading Mode"},"sceneLighting":false,"audioPlay":false,"sceneViewState":{"m_AlwaysRefresh":false,"showFog":true,"showSkybox":false,"showFlares":true,"showImageEffects":true,"showParticleSystems":true,"showVisualEffectGraphs":true,"m_FxEnabled":true},"in2DMode":false,"pivot":{"x":4.0978193283081057e-8,"y":0.14803063869476319,"z":-3.0547380447387697e-7},"rotation":{"x":-0.07145299762487412,"y":0.9210031032562256,"z":-0.20208115875720979,"w":-0.32538145780563357},"size":0.15983782708644868,"orthographic":false}