{"cameraMode":{"drawMode":0,"name":"Shaded","section":"Shading Mode"},"sceneLighting":false,"audioPlay":false,"sceneViewState":{"m_AlwaysRefresh":false,"showFog":true,"showSkybox":false,"showFlares":true,"showImageEffects":true,"showParticleSystems":true,"showVisualEffectGraphs":true,"m_FxEnabled":true},"in2DMode":false,"pivot":{"x":-0.000004038214683532715,"y":0.17028987407684327,"z":0.033143579959869388},"rotation":{"x":-0.07145299762487412,"y":0.9210031032562256,"z":-0.20208115875720979,"w":-0.32538145780563357},"size":0.2666075527667999,"orthographic":false}