{"cameraMode":{"drawMode":0,"name":"Shaded","section":"Shading Mode"},"sceneLighting":false,"audioPlay":false,"sceneViewState":{"m_AlwaysRefresh":false,"showFog":true,"showSkybox":false,"showFlares":true,"showImageEffects":true,"showParticleSystems":true,"showVisualEffectGraphs":true,"m_FxEnabled":true},"in2DMode":false,"pivot":{"x":-0.3033334016799927,"y":-0.34477168321609499,"z":-0.05324706435203552},"rotation":{"x":0.12998199462890626,"y":-0.8587695360183716,"z":0.26733413338661196,"w":0.41738808155059817},"size":0.7899426817893982,"orthographic":false}