{"cameraMode":{"drawMode":0,"name":"Shaded","section":"Shading Mode"},"sceneLighting":false,"audioPlay":false,"sceneViewState":{"m_AlwaysRefresh":false,"showFog":true,"showSkybox":false,"showFlares":true,"showImageEffects":true,"showParticleSystems":true,"showVisualEffectGraphs":true,"m_FxEnabled":true},"in2DMode":false,"pivot":{"x":-0.019445955753326417,"y":0.042129997164011,"z":0.008879661560058594},"rotation":{"x":-0.07145299762487412,"y":0.9210031032562256,"z":-0.20208115875720979,"w":-0.32538145780563357},"size":0.5026430487632752,"orthographic":false}