{"cameraMode":{"drawMode":0,"name":"Shaded","section":"Shading Mode"},"sceneLighting":true,"audioPlay":false,"sceneViewState":{"m_AlwaysRefresh":false,"showFog":true,"showSkybox":true,"showFlares":true,"showImageEffects":true,"showParticleSystems":true,"showVisualEffectGraphs":true,"m_FxEnabled":true},"in2DMode":false,"pivot":{"x":0.5141458511352539,"y":8.613405227661133,"z":1.5852880477905274},"rotation":{"x":-0.08210910111665726,"y":0.8674758076667786,"z":-0.15275965631008149,"w":-0.46627217531204226},"size":4.528248310089111,"orthographic":false}